{
    "id": "01J7KNSKN5EEMG7CFZNKMS60E2",
    "name": "Barghest HW",
    "manufacturer": "",
    "description": "",
    "tags": [],
    "controller": "",
    "keyboardType": "normal",
    "wiringMethod": "matrix",
    "diodeDirection": "COL2ROW",
    "rows": 5,
    "cols": 13,
    "pins": 0,
    "rowPins": [
        "9",
        "10",
        "11",
        "12",
        "13"
    ],
    "colPins": [
        "28",
        "27",
        "26",
        "15",
        "14",
        "8",
        "7",
        "6",
        "5",
        "4",
        "3",
        "2",
        "1"
    ],
    "directPins": [],
    "encoders": [],
    "layouts": [],
    "keys": [
        {
            "x": 0.5,
            "y": 0,
            "idx": 0
        },
        {
            "x": 1.5,
            "y": 0,
            "idx": 1
        },
        {
            "x": 2.5,
            "y": 0,
            "idx": 2
        },
        {
            "x": 3.5,
            "y": 0,
            "idx": 3
        },
        {
            "x": 5,
            "y": 0,
            "idx": 4
        },
        {
            "x": 6,
            "y": 0,
            "idx": 5
        },
        {
            "x": 7,
            "y": 0,
            "idx": 6
        },
        {
            "x": 8,
            "y": 0,
            "idx": 7
        },
        {
            "x": 9.5,
            "y": 0,
            "idx": 8
        },
        {
            "x": 10.5,
            "y": 0,
            "idx": 9
        },
        {
            "x": 11.5,
            "y": 0,
            "idx": 10
        },
        {
            "x": 12.5,
            "y": 0,
            "idx": 11
        },
        {
            "x": 0,
            "y": 1.5,
            "idx": 12
        },
        {
            "x": 1,
            "y": 1.5,
            "idx": 13
        },
        {
            "x": 2,
            "y": 1.5,
            "idx": 14
        },
        {
            "x": 3,
            "y": 1.5,
            "idx": 15
        },
        {
            "x": 4,
            "y": 1.5,
            "idx": 16
        },
        {
            "x": 5,
            "y": 1.5,
            "idx": 17
        },
        {
            "x": 7,
            "y": 1.5,
            "idx": 18
        },
        {
            "x": 8,
            "y": 1.5,
            "idx": 19
        },
        {
            "x": 9,
            "y": 1.5,
            "idx": 20
        },
        {
            "x": 10,
            "y": 1.5,
            "idx": 21
        },
        {
            "x": 11,
            "y": 1.5,
            "idx": 22
        },
        {
            "x": 12,
            "y": 1.5,
            "idx": 23
        },
        {
            "x": 13,
            "y": 1.5,
            "idx": 24
        },
        {
            "x": 0,
            "y": 2.5,
            "w": 1.25,
            "idx": 25
        },
        {
            "x": 1.25,
            "y": 2.5,
            "idx": 26
        },
        {
            "x": 2.25,
            "y": 2.5,
            "idx": 27
        },
        {
            "x": 3.25,
            "y": 2.5,
            "idx": 28
        },
        {
            "x": 4.25,
            "y": 2.5,
            "idx": 29
        },
        {
            "x": 5.25,
            "y": 2.5,
            "idx": 30
        },
        {
            "x": 7.25,
            "y": 2.5,
            "idx": 31
        },
        {
            "x": 8.25,
            "y": 2.5,
            "idx": 32
        },
        {
            "x": 9.25,
            "y": 2.5,
            "idx": 33
        },
        {
            "x": 10.25,
            "y": 2.5,
            "idx": 34
        },
        {
            "x": 11.25,
            "y": 2.5,
            "idx": 35
        },
        {
            "x": 12.25,
            "y": 2.5,
            "w": 1.75,
            "idx": 36
        },
        {
            "x": 0,
            "y": 3.5,
            "w": 1.75,
            "idx": 37
        },
        {
            "x": 1.75,
            "y": 3.5,
            "idx": 38
        },
        {
            "x": 2.75,
            "y": 3.5,
            "idx": 39
        },
        {
            "x": 3.75,
            "y": 3.5,
            "idx": 40
        },
        {
            "x": 4.75,
            "y": 3.5,
            "idx": 41
        },
        {
            "x": 5.75,
            "y": 3.5,
            "idx": 42
        },
        {
            "x": 7.75,
            "y": 3.5,
            "idx": 43
        },
        {
            "x": 8.75,
            "y": 3.5,
            "idx": 44
        },
        {
            "x": 9.75,
            "y": 3.5,
            "idx": 45
        },
        {
            "x": 10.75,
            "y": 3.5,
            "idx": 46
        },
        {
            "x": 11.75,
            "y": 3.5,
            "idx": 47
        },
        {
            "x": 12.75,
            "y": 3.5,
            "w": 1.25,
            "idx": 48
        },
        {
            "x": 0.25,
            "y": 4.5,
            "idx": 49
        },
        {
            "x": 1.25,
            "y": 4.5,
            "idx": 50
        },
        {
            "x": 2.25,
            "y": 4.5,
            "idx": 51
        },
        {
            "x": 10.75,
            "y": 4.5,
            "idx": 57
        },
        {
            "x": 11.75,
            "y": 4.5,
            "idx": 58
        },
        {
            "x": 12.75,
            "y": 4.5,
            "idx": 59
        },
        {
            "x": 3.5,
            "y": 4.75,
            "w": 1.25,
            "idx": 52
        },
        {
            "x": 4.75,
            "y": 4.75,
            "w": 1.75,
            "idx": 53
        },
        {
            "x": 6.5,
            "y": 4.75,
            "idx": 54
        },
        {
            "x": 7.5,
            "y": 4.75,
            "w": 1.75,
            "idx": 55
        },
        {
            "x": 9.25,
            "y": 4.75,
            "w": 1.25,
            "idx": 56
        }
    ],
    "keymap": [
        [
            "KC.F1",
            "KC.F2",
            "KC.F3",
            "KC.F4",
            "KC.F5",
            "KC.F6",
            "KC.F7",
            "KC.F8",
            "KC.F9",
            "KC.F10",
            "KC.F11",
            "KC.F12",
            "KC.ESC",
            "KC.Q",
            "KC.W",
            "KC.E",
            "KC.R",
            "KC.T",
            "KC.Y",
            "KC.U",
            "KC.I",
            "KC.O",
            "KC.P",
            "KC.DEL",
            "KC.BSPC",
            "KC.TAB",
            "KC.A",
            "KC.S",
            "KC.D",
            "KC.F",
            "KC.G",
            "KC.H",
            "KC.J",
            "KC.K",
            "KC.L",
            "KC.TD(KC.QUOTE,KC.LSFT(KC.SCOLON))",
            "KC.ENT",
            "KC.LSFT",
            "KC.Z",
            "KC.X",
            "KC.C",
            "KC.V",
            "KC.B",
            "KC.N",
            "KC.M",
            "KC.COMM",
            "KC.DOT",
            "KC.UP",
            "KC.RSFT",
            "KC.LCTL",
            "KC.LGUI",
            "KC.LALT",
            "KC.LT(2, KC.SPC)",
            "KC.LT(1, KC.SPC)",
            "KC.LT(1, KC.SPC)",
            "KC.LT(1, KC.SPC)",
            "KC.LT(2, KC.SPC)",
            "KC.LEFT",
            "KC.DOWN",
            "KC.RIGHT",
            "KC.TRNS",
            "KC.TRNS",
            "KC.TRNS",
            "KC.TRNS",
            "KC.TRNS"
        ],
        [
            "KC.N1",
            "KC.N2",
            "KC.N3",
            "KC.N4",
            "KC.N5",
            "KC.N6",
            "KC.N7",
            "KC.N8",
            "KC.N9",
            "KC.N0",
            "KC.MINS",
            "KC.EQL",
            "KC.GRV",
            "KC.N7",
            "KC.N8",
            "KC.N9",
            "KC.KP_MINUS",
            "KC.KP_PLUS",
            "KC.NONUS_HASH",
            "KC.LBRC",
            "KC.RBRC",
            "KC.LEFT_PAREN",
            "KC.RIGHT_PAREN",
            "KC.VOLD",
            "KC.VOLU",
            "KC.KP_ENTER",
            "KC.N4",
            "KC.N5",
            "KC.N6",
            "KC.KP_SLASH",
            "KC.KP_ASTERISK",
            "KC.EQL",
            "KC.DQT",
            "KC.LSFT(KC.NONUS_HASH)",
            "KC.LSFT(KC.N2)",
            "KC.SCLN",
            "KC.MUTE",
            "KC.TRNS",
            "KC.N1",
            "KC.N2",
            "KC.N3",
            "KC.N0",
            "KC.KP_DOT",
            "KC.ASTERISK",
            "KC.UNDERSCORE",
            "KC.NONUS_BSLASH",
            "KC.SLSH",
            "KC.PGUP",
            "KC.TRNS",
            "KC.TRNS",
            "KC.TRNS",
            "KC.TRNS",
            "KC.TRNS",
            "KC.TRNS",
            "KC.TRNS",
            "KC.TRNS",
            "KC.TRNS",
            "KC.HOME",
            "KC.PGDOWN",
            "KC.END",
            "KC.TRNS",
            "KC.TRNS",
            "KC.TRNS",
            "KC.TRNS",
            "KC.TRNS"
        ],
        [
            "KC.LSFT(KC.N1)",
            "KC.LSFT(KC.N2)",
            "KC.LSFT(KC.N3)",
            "KC.LSFT(KC.N4)",
            "KC.LSFT(KC.N5)",
            "KC.LSFT(KC.N6)",
            "KC.LSFT(KC.N7)",
            "KC.LSFT(KC.N8)",
            "KC.LSFT(KC.N9)",
            "KC.LSFT(KC.N0)",
            "KC.LSFT(KC.MINS)",
            "KC.LSFT(KC.EQL)",
            "KC.RESET",
            "KC.F7",
            "KC.F8",
            "KC.F9",
            "KC.F10",
            "KC.F11",
            "KC.F12",
            "KC.TRNS",
            "KC.TRNS",
            "KC.LBRC",
            "KC.RBRC",
            "KC.TRNS",
            "KC.TRNS",
            "KC.CAPS",
            "KC.F4",
            "KC.F5",
            "KC.F6",
            "KC.TRNS",
            "KC.F12",
            "KC.TRNS",
            "KC.TRNS",
            "KC.TRNS",
            "KC.TRNS",
            "KC.TRNS",
            "KC.TRNS",
            "customkeys.ToggleDrive",
            "KC.F1",
            "KC.F2",
            "KC.F3",
            "KC.TRNS",
            "KC.TRNS",
            "KC.TRNS",
            "KC.TRNS",
            "KC.TRNS",
            "KC.MPLY",
            "KC.VOLU",
            "KC.MUTE",
            "KC.TRNS",
            "KC.TRNS",
            "KC.TRNS",
            "KC.TRNS",
            "KC.TRNS",
            "KC.TRNS",
            "KC.TRNS",
            "KC.TRNS",
            "KC.MPRV",
            "KC.VOLD",
            "KC.MPRV",
            "KC.TRNS",
            "KC.TRNS",
            "KC.TRNS",
            "KC.TRNS",
            "KC.TRNS"
        ]
    ],
    "encoderKeymap": [
        [],
        [],
        []
    ],
    "layers": [
        {
            "name": "",
            "color": "#0ca508"
        },
        {
            "name": "",
            "color": "#259eb9"
        },
        {
            "name": "",
            "color": "#f28c18"
        }
    ],
    "split": false,
    "splitPinA": "",
    "splitPinB": "",
    "splitSide": "left",
    "vbusPin": "VBUS_SENSE",
    "coordMap": [
        [
            "052",
            "053",
            "054",
            "055",
            "056",
            "057",
            "058",
            "059",
            "060",
            "061",
            "062",
            "063"
        ],
        [
            "039",
            "040",
            "041",
            "042",
            "043",
            "044",
            "045",
            "046",
            "047",
            "048",
            "049",
            "050",
            "051"
        ],
        [
            "026",
            "027",
            "028",
            "029",
            "030",
            "031",
            "032",
            "033",
            "034",
            "035",
            "036",
            "037"
        ],
        [
            "013",
            "014",
            "015",
            "016",
            "017",
            "018",
            "019",
            "020",
            "021",
            "022",
            "023",
            "024"
        ],
        [
            "000",
            "001",
            "002",
            "003",
            "004",
            "005",
            "006",
            "007",
            "009",
            "010",
            "011"
        ]
    ],
    "pinPrefix": "gp",
    "coordMapSetup": false,
    "rgbPin": "board.GP29",
    "rgbNumLeds": 24,
    "rgbOptions": {
        "animationMode": 1,
        "hueDefault": 234,
        "satDefault": 255,
        "valDefault": 72,
        "animationSpeed": 2,
        "breatheCenter": 5,
        "knightEffectLength": 3
    },
    "kbFeatures": [
        "basic",
        "serial",
        "oneshot",
        "tapdance",
        "holdtap",
        "mousekeys",
        "combos",
        "macros",
        "rgb"
    ],
    "flashingMode": "automatic",
    "lastEdited": "2024-09-28 17:16"
}